"X","DIC","Set","Pattern","Mesh"
1,-5530.0081505508,"Set1","Pattern1","Mesh1"
2,-4910.05346429201,"Set1","Pattern2","Mesh1"
3,-6200.96544501572,"Set1","Pattern3","Mesh1"
4,-6294.78667171388,"Set1","Pattern4","Mesh1"
5,-5584.43224863287,"Set1","Pattern5","Mesh1"
6,-2889.96208579197,"Set2","Pattern6","Mesh1"
7,-8113.92351240471,"Set2","Pattern7","Mesh1"
8,-5767.70912026753,"Set2","Pattern8","Mesh1"
9,-3750.05026073744,"Set2","Pattern9","Mesh1"
10,-11465.76113561,"Set2","Pattern10","Mesh1"
11,-260.875783622494,"Set3","Pattern11","Mesh1"
12,-279.450571219357,"Set3","Pattern12","Mesh1"
13,-348.868288920563,"Set3","Pattern13","Mesh1"
14,-358.437009244663,"Set3","Pattern14","Mesh1"
15,-400.804532867927,"Set3","Pattern15","Mesh1"
16,-119.51384315292,"Set4","Pattern16","Mesh1"
17,-561.759140963529,"Set4","Pattern17","Mesh1"
18,-346.355763156419,"Set4","Pattern18","Mesh1"
19,-170.034617262378,"Set4","Pattern19","Mesh1"
20,-676.138785648703,"Set4","Pattern20","Mesh1"
1,-5409.64402341696,"Set1","Pattern1","Mesh10"
2,-4902.26089526341,"Set1","Pattern2","Mesh10"
3,-6085.22529067699,"Set1","Pattern3","Mesh10"
4,-6157.3633420127,"Set1","Pattern4","Mesh10"
5,-5475.9569260728,"Set1","Pattern5","Mesh10"
6,-2846.4250180425,"Set2","Pattern6","Mesh10"
7,-7918.57795988172,"Set2","Pattern7","Mesh10"
8,-5662.02238663732,"Set2","Pattern8","Mesh10"
9,-3691.86670159257,"Set2","Pattern9","Mesh10"
10,-11412.4485852603,"Set2","Pattern10","Mesh10"
11,-261.193032097936,"Set3","Pattern11","Mesh10"
12,-279.356694100456,"Set3","Pattern12","Mesh10"
13,-349.492937186006,"Set3","Pattern13","Mesh10"
14,-358.471972306924,"Set3","Pattern14","Mesh10"
15,-400.662339788757,"Set3","Pattern15","Mesh10"
16,-121.502615783493,"Set4","Pattern16","Mesh10"
17,-573.210284302413,"Set4","Pattern17","Mesh10"
18,-348.264346134685,"Set4","Pattern18","Mesh10"
19,-172.145557194073,"Set4","Pattern19","Mesh10"
20,-694.095864441406,"Set4","Pattern20","Mesh10"
1,-5421.69665814926,"Set1","Pattern1","Mesh11"
2,-4919.92712290755,"Set1","Pattern2","Mesh11"
3,-6079.82966238256,"Set1","Pattern3","Mesh11"
4,-6162.19508293985,"Set1","Pattern4","Mesh11"
5,-5460.00936438236,"Set1","Pattern5","Mesh11"
6,-2851.6790937612,"Set2","Pattern6","Mesh11"
7,-8063.00794946132,"Set2","Pattern7","Mesh11"
8,-5643.50942255194,"Set2","Pattern8","Mesh11"
9,-3712.00265105519,"Set2","Pattern9","Mesh11"
10,-11524.1731897822,"Set2","Pattern10","Mesh11"
11,-261.466024788842,"Set3","Pattern11","Mesh11"
12,-279.437919740599,"Set3","Pattern12","Mesh11"
13,-349.742031412903,"Set3","Pattern13","Mesh11"
14,-358.442071661859,"Set3","Pattern14","Mesh11"
15,-401.414383025456,"Set3","Pattern15","Mesh11"
16,-122.778094044564,"Set4","Pattern16","Mesh11"
17,-574.305285365166,"Set4","Pattern17","Mesh11"
18,-351.647552603598,"Set4","Pattern18","Mesh11"
19,-174.397910225023,"Set4","Pattern19","Mesh11"
20,-694.255188551325,"Set4","Pattern20","Mesh11"
1,-5400.7118415211,"Set1","Pattern1","Mesh12"
2,-4908.57734415521,"Set1","Pattern2","Mesh12"
3,-6057.34319869678,"Set1","Pattern3","Mesh12"
4,-6131.62390963797,"Set1","Pattern4","Mesh12"
5,-5445.72938734195,"Set1","Pattern5","Mesh12"
6,-2847.03986874224,"Set2","Pattern6","Mesh12"
7,-7949.39621341785,"Set2","Pattern7","Mesh12"
8,-5631.38850638727,"Set2","Pattern8","Mesh12"
9,-3705.89819371462,"Set2","Pattern9","Mesh12"
10,-11393.1337170423,"Set2","Pattern10","Mesh12"
11,-261.388898073327,"Set3","Pattern11","Mesh12"
12,-279.554001195933,"Set3","Pattern12","Mesh12"
13,-350.250912014286,"Set3","Pattern13","Mesh12"
14,-358.41239284104,"Set3","Pattern14","Mesh12"
15,-401.197801827172,"Set3","Pattern15","Mesh12"
16,-122.188457578859,"Set4","Pattern16","Mesh12"
17,-578.850737534964,"Set4","Pattern17","Mesh12"
18,-349.178313950305,"Set4","Pattern18","Mesh12"
19,-175.847456428054,"Set4","Pattern19","Mesh12"
20,-696.30381193755,"Set4","Pattern20","Mesh12"
1,-5435.75453568992,"Set1","Pattern1","Mesh13"
2,-4919.48623453704,"Set1","Pattern2","Mesh13"
3,-6066.21856774711,"Set1","Pattern3","Mesh13"
4,-6148.61393806725,"Set1","Pattern4","Mesh13"
5,-5485.72065989742,"Set1","Pattern5","Mesh13"
6,-2865.51582343934,"Set2","Pattern6","Mesh13"
7,-7735.46890668373,"Set2","Pattern7","Mesh13"
8,-5645.40360961058,"Set2","Pattern8","Mesh13"
9,-3692.73176565572,"Set2","Pattern9","Mesh13"
10,-11198.5801218047,"Set2","Pattern10","Mesh13"
11,-261.922415845784,"Set3","Pattern11","Mesh13"
12,-279.665724883254,"Set3","Pattern12","Mesh13"
13,-350.920115407038,"Set3","Pattern13","Mesh13"
14,-358.429648443788,"Set3","Pattern14","Mesh13"
15,-401.918602325377,"Set3","Pattern15","Mesh13"
16,-125.593440556457,"Set4","Pattern16","Mesh13"
17,-590.630317190625,"Set4","Pattern17","Mesh13"
18,-353.769710276912,"Set4","Pattern18","Mesh13"
19,-178.58270407085,"Set4","Pattern19","Mesh13"
20,-709.557694393287,"Set4","Pattern20","Mesh13"
1,-5445.20674459367,"Set1","Pattern1","Mesh14"
2,-4932.40048478147,"Set1","Pattern2","Mesh14"
3,-6065.41526820802,"Set1","Pattern3","Mesh14"
4,-6149.86601253821,"Set1","Pattern4","Mesh14"
5,-5479.50497247208,"Set1","Pattern5","Mesh14"
6,-2865.28470674887,"Set2","Pattern6","Mesh14"
7,-7733.79236460628,"Set2","Pattern7","Mesh14"
8,-5646.56385877633,"Set2","Pattern8","Mesh14"
9,-3697.60494864119,"Set2","Pattern9","Mesh14"
10,-11135.5846273347,"Set2","Pattern10","Mesh14"
11,-261.261648292422,"Set3","Pattern11","Mesh14"
12,-279.64033102732,"Set3","Pattern12","Mesh14"
13,-351.109486908178,"Set3","Pattern13","Mesh14"
14,-358.470399994943,"Set3","Pattern14","Mesh14"
15,-402.744359359647,"Set3","Pattern15","Mesh14"
16,-125.467077759499,"Set4","Pattern16","Mesh14"
17,-588.23847069602,"Set4","Pattern17","Mesh14"
18,-354.643061584991,"Set4","Pattern18","Mesh14"
19,-178.762132280285,"Set4","Pattern19","Mesh14"
20,-713.266844585545,"Set4","Pattern20","Mesh14"
1,-5458.25825072434,"Set1","Pattern1","Mesh15"
2,-4929.64144099735,"Set1","Pattern2","Mesh15"
3,-6067.51492980887,"Set1","Pattern3","Mesh15"
4,-6156.38544014519,"Set1","Pattern4","Mesh15"
5,-5477.00662290134,"Set1","Pattern5","Mesh15"
6,-2864.11853686604,"Set2","Pattern6","Mesh15"
7,-7763.34783218134,"Set2","Pattern7","Mesh15"
8,-5647.39494482378,"Set2","Pattern8","Mesh15"
9,-3705.09186390724,"Set2","Pattern9","Mesh15"
10,-11209.5972246756,"Set2","Pattern10","Mesh15"
11,-261.35617166264,"Set3","Pattern11","Mesh15"
12,-279.639964289527,"Set3","Pattern12","Mesh15"
13,-351.488546530867,"Set3","Pattern13","Mesh15"
14,-358.452914897331,"Set3","Pattern14","Mesh15"
15,-403.145810390308,"Set3","Pattern15","Mesh15"
16,-125.48257261125,"Set4","Pattern16","Mesh15"
17,-588.984399782538,"Set4","Pattern17","Mesh15"
18,-355.084963020972,"Set4","Pattern18","Mesh15"
19,-181.305897673894,"Set4","Pattern19","Mesh15"
20,-711.471481884765,"Set4","Pattern20","Mesh15"
1,-5454.7666988159,"Set1","Pattern1","Mesh16"
2,-4926.28500481795,"Set1","Pattern2","Mesh16"
3,-6074.93692655944,"Set1","Pattern3","Mesh16"
4,-6158.63876591425,"Set1","Pattern4","Mesh16"
5,-5484.58698040776,"Set1","Pattern5","Mesh16"
6,-2865.54118310246,"Set2","Pattern6","Mesh16"
7,-7725.34259272592,"Set2","Pattern7","Mesh16"
8,-5651.08994561905,"Set2","Pattern8","Mesh16"
9,-3706.2779360942,"Set2","Pattern9","Mesh16"
10,-11241.3929475286,"Set2","Pattern10","Mesh16"
11,-261.498533818128,"Set3","Pattern11","Mesh16"
12,-279.726421911899,"Set3","Pattern12","Mesh16"
13,-351.367276607031,"Set3","Pattern13","Mesh16"
14,-358.438965445067,"Set3","Pattern14","Mesh16"
15,-402.531883531383,"Set3","Pattern15","Mesh16"
16,-125.146999079734,"Set4","Pattern16","Mesh16"
17,-588.209759903674,"Set4","Pattern17","Mesh16"
18,-354.303398897464,"Set4","Pattern18","Mesh16"
19,-181.783399195121,"Set4","Pattern19","Mesh16"
20,-712.459747708207,"Set4","Pattern20","Mesh16"
1,-5494.68055529558,"Set1","Pattern1","Mesh17"
2,-4956.32365443108,"Set1","Pattern2","Mesh17"
3,-6095.35731945414,"Set1","Pattern3","Mesh17"
4,-6210.7878171427,"Set1","Pattern4","Mesh17"
5,-5519.76713623487,"Set1","Pattern5","Mesh17"
6,-2878.11110289009,"Set2","Pattern6","Mesh17"
7,-7682.9824480663,"Set2","Pattern7","Mesh17"
8,-5667.32726211533,"Set2","Pattern8","Mesh17"
9,-3728.77177675029,"Set2","Pattern9","Mesh17"
10,-11088.3142864472,"Set2","Pattern10","Mesh17"
11,-261.607369597295,"Set3","Pattern11","Mesh17"
12,-279.940569746641,"Set3","Pattern12","Mesh17"
13,-353.648282395315,"Set3","Pattern13","Mesh17"
14,-358.469327150213,"Set3","Pattern14","Mesh17"
15,-405.202723230902,"Set3","Pattern15","Mesh17"
16,-127.088420903169,"Set4","Pattern16","Mesh17"
17,-596.127784779455,"Set4","Pattern17","Mesh17"
18,-357.866801475566,"Set4","Pattern18","Mesh17"
19,-185.58373448644,"Set4","Pattern19","Mesh17"
20,-720.459649610532,"Set4","Pattern20","Mesh17"
1,-5489.6817239563,"Set1","Pattern1","Mesh18"
2,-4955.42922715445,"Set1","Pattern2","Mesh18"
3,-6090.5981475622,"Set1","Pattern3","Mesh18"
4,-6196.87568314744,"Set1","Pattern4","Mesh18"
5,-5510.38097887744,"Set1","Pattern5","Mesh18"
6,-2876.06103013389,"Set2","Pattern6","Mesh18"
7,-7669.65789719932,"Set2","Pattern7","Mesh18"
8,-5668.36343593709,"Set2","Pattern8","Mesh18"
9,-3724.81070953504,"Set2","Pattern9","Mesh18"
10,-11032.8264761661,"Set2","Pattern10","Mesh18"
11,-261.539604042153,"Set3","Pattern11","Mesh18"
12,-279.807537753092,"Set3","Pattern12","Mesh18"
13,-352.656143325539,"Set3","Pattern13","Mesh18"
14,-358.57152404915,"Set3","Pattern14","Mesh18"
15,-405.583302204376,"Set3","Pattern15","Mesh18"
16,-127.256046085154,"Set4","Pattern16","Mesh18"
17,-596.332578512349,"Set4","Pattern17","Mesh18"
18,-357.907064496751,"Set4","Pattern18","Mesh18"
19,-184.446185962244,"Set4","Pattern19","Mesh18"
20,-722.112306773818,"Set4","Pattern20","Mesh18"
1,-5499.75931258168,"Set1","Pattern1","Mesh19"
2,-4959.82227885175,"Set1","Pattern2","Mesh19"
3,-6098.30260699726,"Set1","Pattern3","Mesh19"
4,-6205.75203237819,"Set1","Pattern4","Mesh19"
5,-5523.92333647025,"Set1","Pattern5","Mesh19"
6,-2878.32882074828,"Set2","Pattern6","Mesh19"
7,-7673.57993180378,"Set2","Pattern7","Mesh19"
8,-5668.32770173541,"Set2","Pattern8","Mesh19"
9,-3731.97061841209,"Set2","Pattern9","Mesh19"
10,-11088.6756256837,"Set2","Pattern10","Mesh19"
11,-261.770464883757,"Set3","Pattern11","Mesh19"
12,-280.033834593162,"Set3","Pattern12","Mesh19"
13,-354.405742657949,"Set3","Pattern13","Mesh19"
14,-358.37666936056,"Set3","Pattern14","Mesh19"
15,-406.387740553991,"Set3","Pattern15","Mesh19"
16,-127.236981582104,"Set4","Pattern16","Mesh19"
17,-597.065302473545,"Set4","Pattern17","Mesh19"
18,-358.354058080429,"Set4","Pattern18","Mesh19"
19,-185.537417495833,"Set4","Pattern19","Mesh19"
20,-722.008766853627,"Set4","Pattern20","Mesh19"
1,-5423.1997253649,"Set1","Pattern1","Mesh2"
2,-4901.91534227365,"Set1","Pattern2","Mesh2"
3,-6166.7353487303,"Set1","Pattern3","Mesh2"
4,-6234.89049501243,"Set1","Pattern4","Mesh2"
5,-5496.91141808018,"Set1","Pattern5","Mesh2"
6,-2856.11484798819,"Set2","Pattern6","Mesh2"
7,-8160.46764233547,"Set2","Pattern7","Mesh2"
8,-5766.22147699461,"Set2","Pattern8","Mesh2"
9,-3713.97331917462,"Set2","Pattern9","Mesh2"
10,-11438.2881464871,"Set2","Pattern10","Mesh2"
11,-260.688427224882,"Set3","Pattern11","Mesh2"
12,-279.33782062978,"Set3","Pattern12","Mesh2"
13,-349.197740504262,"Set3","Pattern13","Mesh2"
14,-358.56510958851,"Set3","Pattern14","Mesh2"
15,-400.524328601215,"Set3","Pattern15","Mesh2"
16,-119.088709022957,"Set4","Pattern16","Mesh2"
17,-565.752455045832,"Set4","Pattern17","Mesh2"
18,-345.69485045573,"Set4","Pattern18","Mesh2"
19,-167.929726986435,"Set4","Pattern19","Mesh2"
20,-686.974247696769,"Set4","Pattern20","Mesh2"
1,-5493.63382460246,"Set1","Pattern1","Mesh20"
2,-4956.55528058121,"Set1","Pattern2","Mesh20"
3,-6092.63883810039,"Set1","Pattern3","Mesh20"
4,-6198.81090558595,"Set1","Pattern4","Mesh20"
5,-5521.62300257652,"Set1","Pattern5","Mesh20"
6,-2874.05415326391,"Set2","Pattern6","Mesh20"
7,-7689.71308815462,"Set2","Pattern7","Mesh20"
8,-5666.74525046168,"Set2","Pattern8","Mesh20"
9,-3725.45944628243,"Set2","Pattern9","Mesh20"
10,-11077.8732722833,"Set2","Pattern10","Mesh20"
11,-261.713470493627,"Set3","Pattern11","Mesh20"
12,-279.883800609169,"Set3","Pattern12","Mesh20"
13,-354.814360284332,"Set3","Pattern13","Mesh20"
14,-358.373699143885,"Set3","Pattern14","Mesh20"
15,-406.119364912983,"Set3","Pattern15","Mesh20"
16,-127.151071790914,"Set4","Pattern16","Mesh20"
17,-597.70735891,"Set4","Pattern17","Mesh20"
18,-357.976768823388,"Set4","Pattern18","Mesh20"
19,-185.553857769178,"Set4","Pattern19","Mesh20"
20,-720.117774628225,"Set4","Pattern20","Mesh20"
1,-5494.69252503976,"Set1","Pattern1","Mesh21"
2,-4955.90238521757,"Set1","Pattern2","Mesh21"
3,-6095.33057927063,"Set1","Pattern3","Mesh21"
4,-6212.06355058368,"Set1","Pattern4","Mesh21"
5,-5520.92547823948,"Set1","Pattern5","Mesh21"
6,-2878.17304172297,"Set2","Pattern6","Mesh21"
7,-7682.92110515063,"Set2","Pattern7","Mesh21"
8,-5667.4962787175,"Set2","Pattern8","Mesh21"
9,-3729.02180293036,"Set2","Pattern9","Mesh21"
10,-11088.1971980418,"Set2","Pattern10","Mesh21"
11,-261.623940086324,"Set3","Pattern11","Mesh21"
12,-279.943682628435,"Set3","Pattern12","Mesh21"
13,-354.389492450414,"Set3","Pattern13","Mesh21"
14,-358.441548470563,"Set3","Pattern14","Mesh21"
15,-405.794207125816,"Set3","Pattern15","Mesh21"
16,-126.983147219178,"Set4","Pattern16","Mesh21"
17,-596.148962454303,"Set4","Pattern17","Mesh21"
18,-357.964275630155,"Set4","Pattern18","Mesh21"
19,-185.535261436369,"Set4","Pattern19","Mesh21"
20,-720.626299080668,"Set4","Pattern20","Mesh21"
1,-5489.78068926992,"Set1","Pattern1","Mesh22"
2,-4955.32496875596,"Set1","Pattern2","Mesh22"
3,-6090.8792881686,"Set1","Pattern3","Mesh22"
4,-6197.27473683758,"Set1","Pattern4","Mesh22"
5,-5511.27944987836,"Set1","Pattern5","Mesh22"
6,-2875.94096002601,"Set2","Pattern6","Mesh22"
7,-7669.48403520514,"Set2","Pattern7","Mesh22"
8,-5668.37885508381,"Set2","Pattern8","Mesh22"
9,-3724.88852714802,"Set2","Pattern9","Mesh22"
10,-11032.6742175054,"Set2","Pattern10","Mesh22"
11,-261.550939464933,"Set3","Pattern11","Mesh22"
12,-279.810283093352,"Set3","Pattern12","Mesh22"
13,-352.67527402231,"Set3","Pattern13","Mesh22"
14,-358.521706898371,"Set3","Pattern14","Mesh22"
15,-405.625319831537,"Set3","Pattern15","Mesh22"
16,-127.269171072132,"Set4","Pattern16","Mesh22"
17,-596.484321889989,"Set4","Pattern17","Mesh22"
18,-358.013821629615,"Set4","Pattern18","Mesh22"
19,-184.360215756674,"Set4","Pattern19","Mesh22"
20,-722.318369154518,"Set4","Pattern20","Mesh22"
1,-5499.76229541362,"Set1","Pattern1","Mesh23"
2,-4959.86080389608,"Set1","Pattern2","Mesh23"
3,-6098.26623384294,"Set1","Pattern3","Mesh23"
4,-6205.78985607651,"Set1","Pattern4","Mesh23"
5,-5523.94834784135,"Set1","Pattern5","Mesh23"
6,-2878.40797416917,"Set2","Pattern6","Mesh23"
7,-7673.57989834578,"Set2","Pattern7","Mesh23"
8,-5668.30289330634,"Set2","Pattern8","Mesh23"
9,-3732.02475481196,"Set2","Pattern9","Mesh23"
10,-11088.6714247569,"Set2","Pattern10","Mesh23"
11,-261.765809680122,"Set3","Pattern11","Mesh23"
12,-280.008653659945,"Set3","Pattern12","Mesh23"
13,-354.597416279019,"Set3","Pattern13","Mesh23"
14,-358.373467471761,"Set3","Pattern14","Mesh23"
15,-406.241747356356,"Set3","Pattern15","Mesh23"
16,-127.220862690793,"Set4","Pattern16","Mesh23"
17,-597.061082558447,"Set4","Pattern17","Mesh23"
18,-358.341080196275,"Set4","Pattern18","Mesh23"
19,-185.489036877061,"Set4","Pattern19","Mesh23"
20,-722.045555370798,"Set4","Pattern20","Mesh23"
1,-5493.61531092572,"Set1","Pattern1","Mesh24"
2,-4956.56310142568,"Set1","Pattern2","Mesh24"
3,-6092.61274533076,"Set1","Pattern3","Mesh24"
4,-6198.9754096853,"Set1","Pattern4","Mesh24"
5,-5521.61418333748,"Set1","Pattern5","Mesh24"
6,-2873.978315063,"Set2","Pattern6","Mesh24"
7,-7689.72490162722,"Set2","Pattern7","Mesh24"
8,-5666.74130870737,"Set2","Pattern8","Mesh24"
9,-3725.49321623318,"Set2","Pattern9","Mesh24"
10,-11077.8068743329,"Set2","Pattern10","Mesh24"
11,-261.71465994977,"Set3","Pattern11","Mesh24"
12,-279.87942126663,"Set3","Pattern12","Mesh24"
13,-354.774244504705,"Set3","Pattern13","Mesh24"
14,-358.392582618302,"Set3","Pattern14","Mesh24"
15,-405.455573213312,"Set3","Pattern15","Mesh24"
16,-127.145145994934,"Set4","Pattern16","Mesh24"
17,-597.691554463738,"Set4","Pattern17","Mesh24"
18,-358.123727724507,"Set4","Pattern18","Mesh24"
19,-185.549345612597,"Set4","Pattern19","Mesh24"
20,-720.138268049528,"Set4","Pattern20","Mesh24"
1,-5560.73158224447,"Set1","Pattern1","Mesh25"
2,-5004.10275028466,"Set1","Pattern2","Mesh25"
3,-6129.97513037004,"Set1","Pattern3","Mesh25"
4,-6268.65196552508,"Set1","Pattern4","Mesh25"
5,-5580.54983592354,"Set1","Pattern5","Mesh25"
6,-2889.46543256043,"Set2","Pattern6","Mesh25"
7,-7717.8488427078,"Set2","Pattern7","Mesh25"
8,-5688.07799712296,"Set2","Pattern8","Mesh25"
9,-3756.11589321926,"Set2","Pattern9","Mesh25"
10,-10845.6146149163,"Set2","Pattern10","Mesh25"
11,-262.169022796922,"Set3","Pattern11","Mesh25"
12,-280.458266183313,"Set3","Pattern12","Mesh25"
13,-357.390273102093,"Set3","Pattern13","Mesh25"
14,-358.711190991123,"Set3","Pattern14","Mesh25"
15,-413.541927915917,"Set3","Pattern15","Mesh25"
16,-128.644762367278,"Set4","Pattern16","Mesh25"
17,-603.902410237458,"Set4","Pattern17","Mesh25"
18,-361.406489842966,"Set4","Pattern18","Mesh25"
19,-189.46697079322,"Set4","Pattern19","Mesh25"
20,-730.281322161703,"Set4","Pattern20","Mesh25"
1,-5559.28613444923,"Set1","Pattern1","Mesh26"
2,-4997.22476823535,"Set1","Pattern2","Mesh26"
3,-6130.23486873694,"Set1","Pattern3","Mesh26"
4,-6265.08441020949,"Set1","Pattern4","Mesh26"
5,-5568.45209019646,"Set1","Pattern5","Mesh26"
6,-2888.7448457273,"Set2","Pattern6","Mesh26"
7,-7713.95569974867,"Set2","Pattern7","Mesh26"
8,-5687.31424089738,"Set2","Pattern8","Mesh26"
9,-3757.04506645096,"Set2","Pattern9","Mesh26"
10,-10845.1861765025,"Set2","Pattern10","Mesh26"
11,-262.058140620671,"Set3","Pattern11","Mesh26"
12,-280.41242261139,"Set3","Pattern12","Mesh26"
13,-357.619194634392,"Set3","Pattern13","Mesh26"
14,-358.658464582484,"Set3","Pattern14","Mesh26"
15,-413.562946641779,"Set3","Pattern15","Mesh26"
16,-128.693496209021,"Set4","Pattern16","Mesh26"
17,-604.099876742012,"Set4","Pattern17","Mesh26"
18,-361.49784899591,"Set4","Pattern18","Mesh26"
19,-189.187176423678,"Set4","Pattern19","Mesh26"
20,-730.271070110166,"Set4","Pattern20","Mesh26"
1,-5559.55739575036,"Set1","Pattern1","Mesh27"
2,-5003.04651223805,"Set1","Pattern2","Mesh27"
3,-6138.01896596978,"Set1","Pattern3","Mesh27"
4,-6270.29439249309,"Set1","Pattern4","Mesh27"
5,-5572.99373694884,"Set1","Pattern5","Mesh27"
6,-2889.99111876169,"Set2","Pattern6","Mesh27"
7,-7714.88294299868,"Set2","Pattern7","Mesh27"
8,-5687.78003166552,"Set2","Pattern8","Mesh27"
9,-3757.922998511,"Set2","Pattern9","Mesh27"
10,-10851.1081782239,"Set2","Pattern10","Mesh27"
11,-262.163479498151,"Set3","Pattern11","Mesh27"
12,-280.432548884214,"Set3","Pattern12","Mesh27"
13,-357.565823775356,"Set3","Pattern13","Mesh27"
14,-358.73846232261,"Set3","Pattern14","Mesh27"
15,-414.073626003699,"Set3","Pattern15","Mesh27"
16,-128.614201233748,"Set4","Pattern16","Mesh27"
17,-604.60155632842,"Set4","Pattern17","Mesh27"
18,-361.701642680175,"Set4","Pattern18","Mesh27"
19,-189.904615325097,"Set4","Pattern19","Mesh27"
20,-729.890112889594,"Set4","Pattern20","Mesh27"
1,-5564.47726113755,"Set1","Pattern1","Mesh28"
2,-5006.11926609834,"Set1","Pattern2","Mesh28"
3,-6134.03590403601,"Set1","Pattern3","Mesh28"
4,-6274.89300056823,"Set1","Pattern4","Mesh28"
5,-5584.18826777653,"Set1","Pattern5","Mesh28"
6,-2890.19259955792,"Set2","Pattern6","Mesh28"
7,-7718.395810146,"Set2","Pattern7","Mesh28"
8,-5690.53343826864,"Set2","Pattern8","Mesh28"
9,-3757.16318531662,"Set2","Pattern9","Mesh28"
10,-10854.6572649678,"Set2","Pattern10","Mesh28"
11,-262.078541714182,"Set3","Pattern11","Mesh28"
12,-280.497372711763,"Set3","Pattern12","Mesh28"
13,-357.901702338073,"Set3","Pattern13","Mesh28"
14,-358.720320471622,"Set3","Pattern14","Mesh28"
15,-414.232591474153,"Set3","Pattern15","Mesh28"
16,-129.164378748047,"Set4","Pattern16","Mesh28"
17,-605.076971823814,"Set4","Pattern17","Mesh28"
18,-361.328106229079,"Set4","Pattern18","Mesh28"
19,-190.154593296932,"Set4","Pattern19","Mesh28"
20,-731.426887126921,"Set4","Pattern20","Mesh28"
1,-5560.83527654644,"Set1","Pattern1","Mesh29"
2,-5004.44161579025,"Set1","Pattern2","Mesh29"
3,-6130.17806804267,"Set1","Pattern3","Mesh29"
4,-6269.19121862106,"Set1","Pattern4","Mesh29"
5,-5580.40408575105,"Set1","Pattern5","Mesh29"
6,-2889.61009526963,"Set2","Pattern6","Mesh29"
7,-7717.97593086786,"Set2","Pattern7","Mesh29"
8,-5688.07369263809,"Set2","Pattern8","Mesh29"
9,-3755.98589017519,"Set2","Pattern9","Mesh29"
10,-10845.3181690042,"Set2","Pattern10","Mesh29"
11,-262.174353469152,"Set3","Pattern11","Mesh29"
12,-280.462543588728,"Set3","Pattern12","Mesh29"
13,-357.333835663942,"Set3","Pattern13","Mesh29"
14,-358.709296063837,"Set3","Pattern14","Mesh29"
15,-413.504244845201,"Set3","Pattern15","Mesh29"
16,-128.626737152057,"Set4","Pattern16","Mesh29"
17,-603.901335199972,"Set4","Pattern17","Mesh29"
18,-361.52506187405,"Set4","Pattern18","Mesh29"
19,-189.432994486732,"Set4","Pattern19","Mesh29"
20,-730.289678888951,"Set4","Pattern20","Mesh29"
1,-5485.38531037949,"Set1","Pattern1","Mesh3"
2,-5628.37837139608,"Set1","Pattern2","Mesh3"
3,-6223.24140610787,"Set1","Pattern3","Mesh3"
4,-7133.13964922095,"Set1","Pattern4","Mesh3"
5,-5686.17548993961,"Set1","Pattern5","Mesh3"
6,-2930.05957440906,"Set2","Pattern6","Mesh3"
7,-8223.12612440164,"Set2","Pattern7","Mesh3"
8,-7561.32614928403,"Set2","Pattern8","Mesh3"
9,-4043.27994798644,"Set2","Pattern9","Mesh3"
10,-11640.5587659435,"Set2","Pattern10","Mesh3"
11,-260.516135824677,"Set3","Pattern11","Mesh3"
12,-279.487000943958,"Set3","Pattern12","Mesh3"
13,-349.267994256656,"Set3","Pattern13","Mesh3"
14,-358.566319381282,"Set3","Pattern14","Mesh3"
15,-400.897070677385,"Set3","Pattern15","Mesh3"
16,-119.750008608432,"Set4","Pattern16","Mesh3"
17,-568.247208228738,"Set4","Pattern17","Mesh3"
18,-347.580783774882,"Set4","Pattern18","Mesh3"
19,-169.552244876849,"Set4","Pattern19","Mesh3"
20,-695.932007805319,"Set4","Pattern20","Mesh3"
1,-5558.95688650831,"Set1","Pattern1","Mesh30"
2,-4997.7857904969,"Set1","Pattern2","Mesh30"
3,-6130.04865897241,"Set1","Pattern3","Mesh30"
4,-6265.35536707936,"Set1","Pattern4","Mesh30"
5,-5568.73941861809,"Set1","Pattern5","Mesh30"
6,-2888.67959954813,"Set2","Pattern6","Mesh30"
7,-7713.94457444801,"Set2","Pattern7","Mesh30"
8,-5687.43169604888,"Set2","Pattern8","Mesh30"
9,-3756.82610022105,"Set2","Pattern9","Mesh30"
10,-10844.7738163553,"Set2","Pattern10","Mesh30"
11,-262.076585143117,"Set3","Pattern11","Mesh30"
12,-280.395177295321,"Set3","Pattern12","Mesh30"
13,-357.633756584854,"Set3","Pattern13","Mesh30"
14,-358.681338446695,"Set3","Pattern14","Mesh30"
15,-413.448401534233,"Set3","Pattern15","Mesh30"
16,-128.686988087119,"Set4","Pattern16","Mesh30"
17,-604.040906957714,"Set4","Pattern17","Mesh30"
18,-361.508943681097,"Set4","Pattern18","Mesh30"
19,-189.256160687835,"Set4","Pattern19","Mesh30"
20,-730.220442384115,"Set4","Pattern20","Mesh30"
1,-5559.58030035785,"Set1","Pattern1","Mesh31"
2,-5003.0685082314,"Set1","Pattern2","Mesh31"
3,-6138.03722755936,"Set1","Pattern3","Mesh31"
4,-6270.40649209934,"Set1","Pattern4","Mesh31"
5,-5572.99287165414,"Set1","Pattern5","Mesh31"
6,-2890.05023891469,"Set2","Pattern6","Mesh31"
7,-7714.88422446728,"Set2","Pattern7","Mesh31"
8,-5687.74713352804,"Set2","Pattern8","Mesh31"
9,-3757.89475820255,"Set2","Pattern9","Mesh31"
10,-10851.0943582072,"Set2","Pattern10","Mesh31"
11,-262.117844492091,"Set3","Pattern11","Mesh31"
12,-280.440434809384,"Set3","Pattern12","Mesh31"
13,-357.532044222963,"Set3","Pattern13","Mesh31"
14,-358.738633120144,"Set3","Pattern14","Mesh31"
15,-414.029822589201,"Set3","Pattern15","Mesh31"
16,-128.672377177715,"Set4","Pattern16","Mesh31"
17,-604.59320087703,"Set4","Pattern17","Mesh31"
18,-361.756673919052,"Set4","Pattern18","Mesh31"
19,-189.998928431645,"Set4","Pattern19","Mesh31"
20,-729.896410135611,"Set4","Pattern20","Mesh31"
1,-5548.42465200084,"Set1","Pattern1","Mesh32"
2,-4993.39281797872,"Set1","Pattern2","Mesh32"
3,-6124.88653173549,"Set1","Pattern3","Mesh32"
4,-6258.70457047125,"Set1","Pattern4","Mesh32"
5,-5569.03625266879,"Set1","Pattern5","Mesh32"
6,-2885.37647381756,"Set2","Pattern6","Mesh32"
7,-7709.59110618691,"Set2","Pattern7","Mesh32"
8,-5685.43777237128,"Set2","Pattern8","Mesh32"
9,-3748.61798818227,"Set2","Pattern9","Mesh32"
10,-10854.6579481237,"Set2","Pattern10","Mesh32"
11,-262.074106046841,"Set3","Pattern11","Mesh32"
12,-280.440438040288,"Set3","Pattern12","Mesh32"
13,-357.91088705234,"Set3","Pattern13","Mesh32"
14,-358.717229004003,"Set3","Pattern14","Mesh32"
15,-414.124100277665,"Set3","Pattern15","Mesh32"
16,-129.186522434499,"Set4","Pattern16","Mesh32"
17,-605.114268124085,"Set4","Pattern17","Mesh32"
18,-361.305020581279,"Set4","Pattern18","Mesh32"
19,-190.140789216192,"Set4","Pattern19","Mesh32"
20,-731.463716864482,"Set4","Pattern20","Mesh32"
1,-5568.05808669533,"Set1","Pattern1","Mesh33"
2,-5009.67953100085,"Set1","Pattern2","Mesh33"
3,-6139.47272679063,"Set1","Pattern3","Mesh33"
4,-6267.16568272986,"Set1","Pattern4","Mesh33"
5,-5583.46683758646,"Set1","Pattern5","Mesh33"
6,-2892.07958522932,"Set2","Pattern6","Mesh33"
7,-7723.30265842656,"Set2","Pattern7","Mesh33"
8,-5690.45836628326,"Set2","Pattern8","Mesh33"
9,-3758.27135238535,"Set2","Pattern9","Mesh33"
10,-10862.0458866928,"Set2","Pattern10","Mesh33"
11,-262.242635183612,"Set3","Pattern11","Mesh33"
12,-280.554410791423,"Set3","Pattern12","Mesh33"
13,-358.966529552376,"Set3","Pattern13","Mesh33"
14,-358.814897831185,"Set3","Pattern14","Mesh33"
15,-414.915547411691,"Set3","Pattern15","Mesh33"
16,-128.94788334881,"Set4","Pattern16","Mesh33"
17,-605.602093654369,"Set4","Pattern17","Mesh33"
18,-361.567112586408,"Set4","Pattern18","Mesh33"
19,-189.961843866944,"Set4","Pattern19","Mesh33"
20,-730.704653709618,"Set4","Pattern20","Mesh33"
1,-5567.66696528383,"Set1","Pattern1","Mesh34"
2,-5009.82161010533,"Set1","Pattern2","Mesh34"
3,-6139.16395974572,"Set1","Pattern3","Mesh34"
4,-6267.32999070842,"Set1","Pattern4","Mesh34"
5,-5583.51398018434,"Set1","Pattern5","Mesh34"
6,-2892.40789602199,"Set2","Pattern6","Mesh34"
7,-7723.43713267183,"Set2","Pattern7","Mesh34"
8,-5690.46429206689,"Set2","Pattern8","Mesh34"
9,-3758.54229189909,"Set2","Pattern9","Mesh34"
10,-10861.490783999,"Set2","Pattern10","Mesh34"
11,-262.290681285038,"Set3","Pattern11","Mesh34"
12,-280.538545524708,"Set3","Pattern12","Mesh34"
13,-359.517082849785,"Set3","Pattern13","Mesh34"
14,-358.782100405734,"Set3","Pattern14","Mesh34"
15,-414.414307630108,"Set3","Pattern15","Mesh34"
16,-128.728215987875,"Set4","Pattern16","Mesh34"
17,-605.016919207538,"Set4","Pattern17","Mesh34"
18,-361.438168736202,"Set4","Pattern18","Mesh34"
19,-189.389782367567,"Set4","Pattern19","Mesh34"
20,-730.993177197011,"Set4","Pattern20","Mesh34"
1,-5551.49361036774,"Set1","Pattern1","Mesh35"
2,-4997.89205014299,"Set1","Pattern2","Mesh35"
3,-6127.88879155336,"Set1","Pattern3","Mesh35"
4,-6262.54753364072,"Set1","Pattern4","Mesh35"
5,-5560.17338125868,"Set1","Pattern5","Mesh35"
6,-2886.08726820062,"Set2","Pattern6","Mesh35"
7,-7711.38330173029,"Set2","Pattern7","Mesh35"
8,-5683.75166143982,"Set2","Pattern8","Mesh35"
9,-3750.22181933053,"Set2","Pattern9","Mesh35"
10,-10882.362738689,"Set2","Pattern10","Mesh35"
11,-261.678230494321,"Set3","Pattern11","Mesh35"
12,-280.006628352425,"Set3","Pattern12","Mesh35"
13,-356.080732131253,"Set3","Pattern13","Mesh35"
14,-358.37027472528,"Set3","Pattern14","Mesh35"
15,-409.893221762449,"Set3","Pattern15","Mesh35"
16,-126.165388430006,"Set4","Pattern16","Mesh35"
17,-598.391739087376,"Set4","Pattern17","Mesh35"
18,-358.784426352842,"Set4","Pattern18","Mesh35"
19,-185.290815547355,"Set4","Pattern19","Mesh35"
20,-722.026029403894,"Set4","Pattern20","Mesh35"
1,-5549.57564167056,"Set1","Pattern1","Mesh36"
2,-4993.48423851334,"Set1","Pattern2","Mesh36"
3,-6130.19369487399,"Set1","Pattern3","Mesh36"
4,-6260.1721468382,"Set1","Pattern4","Mesh36"
5,-5568.8570992962,"Set1","Pattern5","Mesh36"
6,-2886.31179152975,"Set2","Pattern6","Mesh36"
7,-7712.19751055609,"Set2","Pattern7","Mesh36"
8,-5683.9425660807,"Set2","Pattern8","Mesh36"
9,-3748.71652121183,"Set2","Pattern9","Mesh36"
10,-10852.7149758985,"Set2","Pattern10","Mesh36"
11,-261.605879160227,"Set3","Pattern11","Mesh36"
12,-280.025064846677,"Set3","Pattern12","Mesh36"
13,-356.227163685003,"Set3","Pattern13","Mesh36"
14,-358.366077491768,"Set3","Pattern14","Mesh36"
15,-411.59157350467,"Set3","Pattern15","Mesh36"
16,-126.261114854608,"Set4","Pattern16","Mesh36"
17,-597.78678622144,"Set4","Pattern17","Mesh36"
18,-358.570181979211,"Set4","Pattern18","Mesh36"
19,-185.470662185746,"Set4","Pattern19","Mesh36"
20,-723.09394757274,"Set4","Pattern20","Mesh36"
1,-5483.290214452,"Set1","Pattern1","Mesh4"
2,-4899.5533144079,"Set1","Pattern2","Mesh4"
3,-6141.79267085274,"Set1","Pattern3","Mesh4"
4,-6280.470371547,"Set1","Pattern4","Mesh4"
5,-5530.84924295979,"Set1","Pattern5","Mesh4"
6,-2866.92902976981,"Set2","Pattern6","Mesh4"
7,-8093.02465286424,"Set2","Pattern7","Mesh4"
8,-5708.71859385712,"Set2","Pattern8","Mesh4"
9,-3726.85123083332,"Set2","Pattern9","Mesh4"
10,-11511.6222352053,"Set2","Pattern10","Mesh4"
11,-261.014668410415,"Set3","Pattern11","Mesh4"
12,-279.456706722126,"Set3","Pattern12","Mesh4"
13,-349.167010139205,"Set3","Pattern13","Mesh4"
14,-358.435888918603,"Set3","Pattern14","Mesh4"
15,-400.988928848129,"Set3","Pattern15","Mesh4"
16,-119.832925935854,"Set4","Pattern16","Mesh4"
17,-568.135500872595,"Set4","Pattern17","Mesh4"
18,-345.755333281527,"Set4","Pattern18","Mesh4"
19,-171.836482561961,"Set4","Pattern19","Mesh4"
20,-683.525043953086,"Set4","Pattern20","Mesh4"
1,-5420.13312724719,"Set1","Pattern1","Mesh5"
2,-4918.13284987753,"Set1","Pattern2","Mesh5"
3,-6067.87530458073,"Set1","Pattern3","Mesh5"
4,-6141.81278267388,"Set1","Pattern4","Mesh5"
5,-5465.8089534438,"Set1","Pattern5","Mesh5"
6,-2858.45937282181,"Set2","Pattern6","Mesh5"
7,-7936.49820070959,"Set2","Pattern7","Mesh5"
8,-5640.74444358649,"Set2","Pattern8","Mesh5"
9,-3693.89327970997,"Set2","Pattern9","Mesh5"
10,-11289.463539825,"Set2","Pattern10","Mesh5"
11,-261.151893798606,"Set3","Pattern11","Mesh5"
12,-279.577830608958,"Set3","Pattern12","Mesh5"
13,-350.566498165242,"Set3","Pattern13","Mesh5"
14,-358.448405293801,"Set3","Pattern14","Mesh5"
15,-401.345656900085,"Set3","Pattern15","Mesh5"
16,-124.847715302561,"Set4","Pattern16","Mesh5"
17,-582.7797724821,"Set4","Pattern17","Mesh5"
18,-351.11258149194,"Set4","Pattern18","Mesh5"
19,-176.286883347634,"Set4","Pattern19","Mesh5"
20,-705.7993006823,"Set4","Pattern20","Mesh5"
1,-5409.98768343293,"Set1","Pattern1","Mesh6"
2,-4911.26802340121,"Set1","Pattern2","Mesh6"
3,-6051.9097439208,"Set1","Pattern3","Mesh6"
4,-6136.64772091535,"Set1","Pattern4","Mesh6"
5,-5468.52876664625,"Set1","Pattern5","Mesh6"
6,-2857.39934632422,"Set2","Pattern6","Mesh6"
7,-7795.28319290861,"Set2","Pattern7","Mesh6"
8,-5637.93977921619,"Set2","Pattern8","Mesh6"
9,-3689.45465379377,"Set2","Pattern9","Mesh6"
10,-11347.2069075932,"Set2","Pattern10","Mesh6"
11,-261.017617793066,"Set3","Pattern11","Mesh6"
12,-279.615319440053,"Set3","Pattern12","Mesh6"
13,-350.383665934306,"Set3","Pattern13","Mesh6"
14,-358.437501431829,"Set3","Pattern14","Mesh6"
15,-402.177534283979,"Set3","Pattern15","Mesh6"
16,-124.892521116438,"Set4","Pattern16","Mesh6"
17,-582.907038828146,"Set4","Pattern17","Mesh6"
18,-352.860004725722,"Set4","Pattern18","Mesh6"
19,-177.524913516444,"Set4","Pattern19","Mesh6"
20,-703.768454604727,"Set4","Pattern20","Mesh6"
1,-5434.39778789173,"Set1","Pattern1","Mesh7"
2,-4918.35616698242,"Set1","Pattern2","Mesh7"
3,-6061.46863053894,"Set1","Pattern3","Mesh7"
4,-6124.69878979262,"Set1","Pattern4","Mesh7"
5,-5462.41462979392,"Set1","Pattern5","Mesh7"
6,-2858.8484794198,"Set2","Pattern6","Mesh7"
7,-7834.71694848816,"Set2","Pattern7","Mesh7"
8,-5639.89646577462,"Set2","Pattern8","Mesh7"
9,-3714.19386013216,"Set2","Pattern9","Mesh7"
10,-11363.8767153528,"Set2","Pattern10","Mesh7"
11,-261.601013702788,"Set3","Pattern11","Mesh7"
12,-279.510411996756,"Set3","Pattern12","Mesh7"
13,-350.474315770813,"Set3","Pattern13","Mesh7"
14,-358.416890048764,"Set3","Pattern14","Mesh7"
15,-402.199875441049,"Set3","Pattern15","Mesh7"
16,-124.292369587686,"Set4","Pattern16","Mesh7"
17,-581.83173975563,"Set4","Pattern17","Mesh7"
18,-353.338625902414,"Set4","Pattern18","Mesh7"
19,-176.79700254723,"Set4","Pattern19","Mesh7"
20,-702.563600631227,"Set4","Pattern20","Mesh7"
1,-5409.98704244512,"Set1","Pattern1","Mesh8"
2,-4914.41403719778,"Set1","Pattern2","Mesh8"
3,-6057.28437725656,"Set1","Pattern3","Mesh8"
4,-6140.09351239615,"Set1","Pattern4","Mesh8"
5,-5471.68134993925,"Set1","Pattern5","Mesh8"
6,-2858.22049755317,"Set2","Pattern6","Mesh8"
7,-7819.9722757959,"Set2","Pattern7","Mesh8"
8,-5635.7958419815,"Set2","Pattern8","Mesh8"
9,-3697.27637190692,"Set2","Pattern9","Mesh8"
10,-11327.957701574,"Set2","Pattern10","Mesh8"
11,-261.672561064149,"Set3","Pattern11","Mesh8"
12,-279.6207356812,"Set3","Pattern12","Mesh8"
13,-350.461422743908,"Set3","Pattern13","Mesh8"
14,-358.443750034771,"Set3","Pattern14","Mesh8"
15,-401.476390369891,"Set3","Pattern15","Mesh8"
16,-124.049229922817,"Set4","Pattern16","Mesh8"
17,-584.772983174332,"Set4","Pattern17","Mesh8"
18,-351.663219323399,"Set4","Pattern18","Mesh8"
19,-177.629625322684,"Set4","Pattern19","Mesh8"
20,-703.544424102413,"Set4","Pattern20","Mesh8"
1,-5412.61187175712,"Set1","Pattern1","Mesh9"
2,-4896.51990281523,"Set1","Pattern2","Mesh9"
3,-6083.73659913682,"Set1","Pattern3","Mesh9"
4,-6126.9385325641,"Set1","Pattern4","Mesh9"
5,-5459.62283814742,"Set1","Pattern5","Mesh9"
6,-2859.31801751928,"Set2","Pattern6","Mesh9"
7,-7938.19964256479,"Set2","Pattern7","Mesh9"
8,-5637.64180705255,"Set2","Pattern8","Mesh9"
9,-3704.17361995976,"Set2","Pattern9","Mesh9"
10,-11471.2736579936,"Set2","Pattern10","Mesh9"
11,-261.353477157678,"Set3","Pattern11","Mesh9"
12,-279.37468930052,"Set3","Pattern12","Mesh9"
13,-349.969620271539,"Set3","Pattern13","Mesh9"
14,-358.393404500964,"Set3","Pattern14","Mesh9"
15,-401.064993607982,"Set3","Pattern15","Mesh9"
16,-123.615021403407,"Set4","Pattern16","Mesh9"
17,-579.064673662127,"Set4","Pattern17","Mesh9"
18,-350.325980703788,"Set4","Pattern18","Mesh9"
19,-172.762922165312,"Set4","Pattern19","Mesh9"
20,-695.806921600971,"Set4","Pattern20","Mesh9"
